Model,Accuracy,Confusion Matrix,Precision,Recall,F1-Score,Support
KNeighborsClassifier,0.987490859,"[[152494, 71], [1862, 100]]",0.982818364,0.987490859,0.982275629,154527
DecisionTreeClassifier,0.982132572,"[[151493, 1072], [1689, 273]]",0.978994208,0.982132572,0.980483802,154527
RandomForestClassifier,0.984708174,"[[151905, 660], [1703, 259]]",0.97993561,0.984708174,0.981966193,154527
GradientBoostingClassifier,0.987147877,"[[152521, 44], [1942, 20]]",0.978857985,0.987147877,0.981167531,154527
AdaBoostClassifier,0.98730319,"[[152565, 0], [1962, 0]]",0.974767588,0.98730319,0.980995344,154527
SVC,0.987309661,"[[152565, 0], [1961, 1]]",0.987470707,0.987309661,0.981011475,154527
LogisticRegression,0.982223171,"[[151765, 800], [1947, 15]]",0.975031153,0.982223171,0.978585226,154527
LinearDiscriminantAnalysis,0.987238476,"[[152554, 11], [1961, 1]]",0.975831072,0.987238476,0.980975811,154527
